[{"_id":{"$oid":"67e95d5c2d630c280e73bfb8"},"name":"Test Client A","addresses":[{"title":"Home","country":"Cambodia","province":"Phnom Penh","city":"Phnom Penh","area":"Phnom Penh","street":"208","building":"41","customFields":[],"isPinnedOnInfoSection":false}],"contacts":[{"firstName":"Sam","lastName":"Rithearum","email":"samrithearum@gmail.com","telephone":"0766203688","mobile":"0766203688","gender":"MALE","position":"Sales Consultant","customFields":[],"isPinnedOnInfoSection":false}],"company":{"$oid":"67e90230ee70744e6074b79e"},"companyIssuedId":"C01","companyIdToCompanyIssuedId":"67e90230ee70744e6074b79e:C01","customFields":[],"hiddenProductsConfigs":{"products":[],"types":[],"categories":[{"$oid":"67e95b772d630c280e73bf1e"}]},"createdAt":{"$date":"2025-03-30T15:03:56.094Z"},"updatedAt":{"$date":"2025-11-05T05:17:24.504Z"},"__v":0},{"_id":{"$oid":"67f2a8a128f4f3b0f77ac080"},"name":"just sam","addresses":[{"title":"","country":"","province":"","city":"","area":"","street":"","building":"","customFields":[],"isPinnedOnInfoSection":false}],"contacts":[{"firstName":"","lastName":"","email":"","telephone":"","mobile":"","gender":"MALE","position":"","customFields":[],"isPinnedOnInfoSection":false}],"company":{"$oid":"67e90230ee70744e6074b79e"},"companyIssuedId":"","customFields":[],"hiddenProductsConfigs":{"products":[],"types":[],"categories":[]},"createdAt":{"$date":"2025-04-06T16:15:29.248Z"},"updatedAt":{"$date":"2025-04-06T16:16:34.934Z"},"__v":0,"deletedAt":{"$date":"2025-04-06T16:16:34.93Z"}},{"_id":{"$oid":"67f2aa6593e391286ebc8db3"},"name":"just sam","addresses":[],"contacts":[],"company":{"$oid":"67e90230ee70744e6074b79e"},"companyIssuedId":"","customFields":[],"hiddenProductsConfigs":{"products":[],"types":[],"categories":[]},"createdAt":{"$date":"2025-04-06T16:23:01.327Z"},"updatedAt":{"$date":"2025-04-06T16:37:38.627Z"},"__v":0,"deletedAt":{"$date":"2025-04-06T16:37:38.624Z"}},{"_id":{"$oid":"67f2addc552d2eeabac5f262"},"name":"just sam","addresses":[{"title":"Phnom Penh","country":"Cambodia","province":"Phnom Penh","city":"Phnom Penh","area":"CC","street":"208","building":"41","customFields":[],"isPinnedOnInfoSection":false}],"contacts":[],"company":{"$oid":"67e90230ee70744e6074b79e"},"companyIssuedId":"","customFields":[],"hiddenProductsConfigs":{"products":[],"types":[],"categories":[]},"createdAt":{"$date":"2025-04-06T16:37:48.125Z"},"updatedAt":{"$date":"2025-04-07T12:35:58.283Z"},"__v":0,"deletedAt":{"$date":"2025-04-07T12:35:58.28Z"}},{"_id":{"$oid":"67f3c6b54680c0e71a08ca4a"},"name":"just sam","addresses":[],"contacts":[],"company":{"$oid":"67e90230ee70744e6074b79e"},"companyIssuedId":"","customFields":[],"hiddenProductsConfigs":{"products":[],"types":[],"categories":[]},"createdAt":{"$date":"2025-04-07T12:36:05.602Z"},"updatedAt":{"$date":"2025-04-07T12:36:26.946Z"},"__v":0,"deletedAt":{"$date":"2025-04-07T12:36:26.945Z"}},{"_id":{"$oid":"67f3cb610e3d3d32e5c7dd1f"},"name":"just sam","addresses":[],"contacts":[],"company":{"$oid":"67e90230ee70744e6074b79e"},"companyIssuedId":"","customFields":[],"hiddenProductsConfigs":{"products":[],"types":[],"categories":[]},"createdAt":{"$date":"2025-04-07T12:56:01.575Z"},"updatedAt":{"$date":"2025-04-07T12:56:01.575Z"},"__v":0},{"_id":{"$oid":"67f3cb9e0e3d3d32e5c7dded"},"name":"just sam 2","addresses":[],"contacts":[],"company":{"$oid":"67e90230ee70744e6074b79e"},"companyIssuedId":"","customFields":[],"hiddenProductsConfigs":{"products":[],"types":[],"categories":[]},"createdAt":{"$date":"2025-04-07T12:57:02.803Z"},"updatedAt":{"$date":"2025-04-07T12:57:02.803Z"},"__v":0},{"_id":{"$oid":"68079b1ec080722678d1dfc8"},"name":"wah client","addresses":[],"contacts":[],"company":{"$oid":"67e90230ee70744e6074b79e"},"companyIssuedId":"","customFields":[],"hiddenProductsConfigs":{"products":[],"types":[],"categories":[]},"createdAt":{"$date":"2025-04-22T13:35:26.703Z"},"updatedAt":{"$date":"2025-04-22T13:35:26.703Z"},"__v":0},{"_id":{"$oid":"68079bd8c080722678d1e0be"},"name":"te","addresses":[],"contacts":[],"company":{"$oid":"67e90230ee70744e6074b79e"},"companyIssuedId":"","customFields":[],"hiddenProductsConfigs":{"products":[],"types":[],"categories":[]},"createdAt":{"$date":"2025-04-22T13:38:32.264Z"},"updatedAt":{"$date":"2025-04-22T13:38:32.264Z"},"__v":0},{"_id":{"$oid":"68079fdec080722678d1e442"},"name":"teyang","addresses":[],"contacts":[],"company":{"$oid":"67e90230ee70744e6074b79e"},"companyIssuedId":"","customFields":[],"hiddenProductsConfigs":{"products":[],"types":[],"categories":[]},"createdAt":{"$date":"2025-04-22T13:55:42.318Z"},"updatedAt":{"$date":"2025-04-22T13:55:42.318Z"},"__v":0}]
