[{"_id":{"$oid":"67e90230ee70744e6074b79e"},"name":"Served ERP First Company UPDATED","address":"25/F, 135 Des Voeux Road, Cen-tral, Hong Kong, China","timezone":"Asia/Phnom_Penh","fcmTokens":[],"vatTin":"","fileAlias":{"singular":"file","plural":"files"},"vat":0,"isVatBuried":false,"customFields":[],"paymentTypes":[{"name":"Bank Transfer","_id":{"$oid":"67e90a7df8be576e302d1290"},"createdAt":{"$date":"2025-03-30T09:10:21.966Z"},"updatedAt":{"$date":"2025-03-30T09:10:21.966Z"}},{"name":"Credit Card","_id":{"$oid":"68d13ce61af2f43a87176f94"},"createdAt":{"$date":"2025-09-22T12:11:18.93Z"},"updatedAt":{"$date":"2025-09-22T12:11:18.93Z"}}],"createdAt":{"$date":"2025-03-30T08:34:56.481Z"},"updatedAt":{"$date":"2025-11-10T15:16:18.806Z"},"__v":2,"isCustomFieldEnabled":false,"invoiceComment":"I comment on invoice testing on blur uptda","receiptComment":"I comment on receipt","isShowProductConfigs":true,"isOrderReportPageEnabled":false,"attachmentStorageLimit":1,"isFileCommentAttachmentEnabled":true,"isFileCommentEnabled":true,"isEditInvoiceCommentEnabled":true,"isEditReceiptCommentEnabled":true,"isBulkImportAgentsEnabled":true,"isBulkImportClientsEnabled":true,"isBulkImportProductCategoiesEnabled":true,"isBulkImportProductOptionGroupsEnabled":true,"isBulkImportProductOptionsEnabled":true,"isBulkImportProductTypesEnabled":true,"isBulkImportProductsEnabled":true}]
