[{"_id":{"$oid":"67e95e7f2d630c280e73c078"},"name":"Due Date","type":"DATETIME","model":"FILE","company":{"$oid":"67e90230ee70744e6074b79e"},"selectOptions":[],"createdAt":{"$date":"2025-03-30T15:08:47.218Z"},"updatedAt":{"$date":"2025-06-04T13:05:26.184Z"},"__v":0},{"_id":{"$oid":"67fe28bf1aaf2ff9de9b2599"},"name":"important","type":"SELECT_SINGLE","model":"FILE","company":{"$oid":"67e90230ee70744e6074b79e"},"selectOptions":[{"name":"yes","_id":{"$oid":"67fe28bf1aaf2ff9de9b259a"},"createdAt":{"$date":"2025-04-15T09:37:03.689Z"},"updatedAt":{"$date":"2025-04-15T09:37:03.689Z"}},{"name":"no","_id":{"$oid":"67fe28bf1aaf2ff9de9b259b"},"createdAt":{"$date":"2025-04-15T09:37:03.689Z"},"updatedAt":{"$date":"2025-04-15T09:37:03.689Z"}}],"createdAt":{"$date":"2025-04-15T09:37:03.689Z"},"updatedAt":{"$date":"2025-04-15T09:37:03.689Z"},"__v":0},{"_id":{"$oid":"67fe28d91aaf2ff9de9b25a6"},"name":"Network","type":"TEXT_SINGLE","model":"FILE","company":{"$oid":"67e90230ee70744e6074b79e"},"selectOptions":[],"createdAt":{"$date":"2025-04-15T09:37:29.272Z"},"updatedAt":{"$date":"2025-04-15T09:37:29.272Z"},"__v":0},{"_id":{"$oid":"67ff76f253d43d49eabbb672"},"name":"Notes","type":"TEXT_MULTI","model":"FILE","company":{"$oid":"67e90230ee70744e6074b79e"},"selectOptions":[],"createdAt":{"$date":"2025-04-16T09:22:58.617Z"},"updatedAt":{"$date":"2025-04-16T09:22:58.617Z"},"__v":0},{"_id":{"$oid":"688b801336d88132cc67e7de"},"name":"Order Status","type":"TEXT_MULTI","model":"FILE","company":{"$oid":"67e90230ee70744e6074b79e"},"selectOptions":[],"createdAt":{"$date":"2025-07-31T14:39:15.806Z"},"updatedAt":{"$date":"2025-07-31T14:39:40.366Z"},"__v":0,"deletedAt":{"$date":"2025-07-31T14:39:40.366Z"}},{"_id":{"$oid":"688b805136d88132cc67e803"},"name":"Order Status","type":"SELECT_MULTI","model":"FILE","company":{"$oid":"67e90230ee70744e6074b79e"},"selectOptions":[{"name":"Pending","_id":{"$oid":"688b805536d88132cc67e814"},"createdAt":{"$date":"2025-07-31T14:40:21.276Z"},"updatedAt":{"$date":"2025-07-31T14:40:21.276Z"}},{"name":"In Progress","_id":{"$oid":"688b805536d88132cc67e815"},"createdAt":{"$date":"2025-07-31T14:40:21.276Z"},"updatedAt":{"$date":"2025-07-31T14:40:21.276Z"}},{"name":"Done","_id":{"$oid":"688b805536d88132cc67e816"},"createdAt":{"$date":"2025-07-31T14:40:21.276Z"},"updatedAt":{"$date":"2025-07-31T14:40:21.276Z"}}],"createdAt":{"$date":"2025-07-31T14:40:17.187Z"},"updatedAt":{"$date":"2025-07-31T14:40:21.276Z"},"__v":0},{"_id":{"$oid":"688f73e386fb34785a06525c"},"name":"Testing","type":"TEXT_SINGLE","model":"AGENT_ADDRESS","company":{"$oid":"67e90230ee70744e6074b79e"},"selectOptions":[],"createdAt":{"$date":"2025-08-03T14:36:19.924Z"},"updatedAt":{"$date":"2025-08-03T14:36:28.323Z"},"__v":0,"deletedAt":{"$date":"2025-08-03T14:36:28.317Z"}},{"_id":{"$oid":"68909e8596959c38da8b4a69"},"name":"barang","type":"TEXT_SINGLE","model":"AGENT_ADDRESS","company":{"$oid":"67e90230ee70744e6074b79e"},"selectOptions":[],"createdAt":{"$date":"2025-08-04T11:50:29.685Z"},"updatedAt":{"$date":"2025-08-04T11:51:10.89Z"},"__v":0,"deletedAt":{"$date":"2025-08-04T11:51:10.885Z"}},{"_id":{"$oid":"689320959f071f2beee75b95"},"name":"Custom_1","type":"TEXT_SINGLE","model":"AGENT_ADDRESS","company":{"$oid":"67e90230ee70744e6074b79e"},"selectOptions":[],"createdAt":{"$date":"2025-08-06T09:29:57.226Z"},"updatedAt":{"$date":"2025-08-06T09:29:57.226Z"},"__v":0},{"_id":{"$oid":"6893209b9f071f2beee75ba3"},"name":"Custom_2","type":"TEXT_SINGLE","model":"AGENT_ADDRESS","company":{"$oid":"67e90230ee70744e6074b79e"},"selectOptions":[],"createdAt":{"$date":"2025-08-06T09:30:03.322Z"},"updatedAt":{"$date":"2025-08-07T00:52:13.377Z"},"__v":0,"deletedAt":{"$date":"2025-08-07T00:52:13.374Z"}},{"_id":{"$oid":"689320a09f071f2beee75bb1"},"name":"Custom_3","type":"TEXT_SINGLE","model":"AGENT_ADDRESS","company":{"$oid":"67e90230ee70744e6074b79e"},"selectOptions":[],"createdAt":{"$date":"2025-08-06T09:30:08.701Z"},"updatedAt":{"$date":"2025-08-07T00:47:20.121Z"},"__v":0,"deletedAt":{"$date":"2025-08-07T00:47:20.12Z"}},{"_id":{"$oid":"689332809f071f2beee75d2b"},"name":"Info_1","type":"TEXT_SINGLE","model":"AGENT_INFO","company":{"$oid":"67e90230ee70744e6074b79e"},"selectOptions":[],"createdAt":{"$date":"2025-08-06T10:46:24.466Z"},"updatedAt":{"$date":"2025-08-06T10:46:24.466Z"},"__v":0},{"_id":{"$oid":"689332899f071f2beee75d39"},"name":"Info_2","type":"TEXT_SINGLE","model":"AGENT_INFO","company":{"$oid":"67e90230ee70744e6074b79e"},"selectOptions":[],"createdAt":{"$date":"2025-08-06T10:46:33.134Z"},"updatedAt":{"$date":"2025-08-06T10:46:33.134Z"},"__v":0},{"_id":{"$oid":"689332919f071f2beee75d50"},"name":"Info_3","type":"TEXT_SINGLE","model":"AGENT_INFO","company":{"$oid":"67e90230ee70744e6074b79e"},"selectOptions":[],"createdAt":{"$date":"2025-08-06T10:46:41.58Z"},"updatedAt":{"$date":"2025-08-07T00:29:27.843Z"},"__v":0,"deletedAt":{"$date":"2025-08-07T00:29:27.839Z"}},{"_id":{"$oid":"6893f77adb040567717027e8"},"name":"Info_3","type":"TEXT_SINGLE","model":"AGENT_INFO","company":{"$oid":"67e90230ee70744e6074b79e"},"selectOptions":[],"createdAt":{"$date":"2025-08-07T00:46:50.173Z"},"updatedAt":{"$date":"2025-08-07T00:46:50.173Z"},"__v":0},{"_id":{"$oid":"6893f8cddb040567717028cf"},"name":"Custom_2","type":"TEXT_SINGLE","model":"AGENT_ADDRESS","company":{"$oid":"67e90230ee70744e6074b79e"},"selectOptions":[],"createdAt":{"$date":"2025-08-07T00:52:29.77Z"},"updatedAt":{"$date":"2025-08-07T00:55:35.699Z"},"__v":0,"deletedAt":{"$date":"2025-08-07T00:55:35.698Z"}},{"_id":{"$oid":"6893fa1edb0405677170296c"},"name":"Custom_3","type":"TEXT_SINGLE","model":"AGENT_ADDRESS","company":{"$oid":"67e90230ee70744e6074b79e"},"selectOptions":[],"createdAt":{"$date":"2025-08-07T00:58:06.233Z"},"updatedAt":{"$date":"2025-08-07T00:58:41.178Z"},"__v":0,"deletedAt":{"$date":"2025-08-07T00:58:41.177Z"}},{"_id":{"$oid":"6918437eb056f691111c8bdf"},"name":"Feeling","type":"TEXT_SINGLE","model":"CLIENT_ADDRESS","company":{"$oid":"67e90230ee70744e6074b79e"},"selectOptions":[],"createdAt":{"$date":"2025-11-15T09:10:22.08Z"},"updatedAt":{"$date":"2025-11-15T09:10:22.08Z"},"__v":0},{"_id":{"$oid":"6926329b8f3596c520bb5672"},"name":"Region","type":"TEXT_SINGLE","model":"CLIENT_CONTACT","company":{"$oid":"67e90230ee70744e6074b79e"},"selectOptions":[],"createdAt":{"$date":"2025-11-25T22:50:03.721Z"},"updatedAt":{"$date":"2025-11-25T23:39:41.721Z"},"__v":0,"deletedAt":{"$date":"2025-11-25T23:39:41.702Z"}}]
