[{"_id":{"$oid":"67e95bc92d630c280e73bf33"},"name":"Short footage - 60mn","originalPrice":90,"originalPriceAddons":{"vat":{"percentage":0,"amount":0}},"listedPrice":90,"company":{"$oid":"67e90230ee70744e6074b79e"},"createdAt":{"$date":"2025-03-30T14:57:13.848Z"},"updatedAt":{"$date":"2025-05-06T15:58:52.791Z"},"__v":0},{"_id":{"$oid":"67e95be82d630c280e73bf38"},"name":"Medium footage - 120mn","originalPrice":180,"originalPriceAddons":{"vat":{"percentage":0,"amount":0}},"listedPrice":180,"company":{"$oid":"67e90230ee70744e6074b79e"},"createdAt":{"$date":"2025-03-30T14:57:44.909Z"},"updatedAt":{"$date":"2025-11-12T14:17:04.607Z"},"__v":0},{"_id":{"$oid":"67e95c152d630c280e73bf41"},"name":"Long footage - 180mn+","originalPrice":250,"originalPriceAddons":{"vat":{"percentage":0,"amount":0}},"listedPrice":250,"company":{"$oid":"67e90230ee70744e6074b79e"},"createdAt":{"$date":"2025-03-30T14:58:29.302Z"},"updatedAt":{"$date":"2025-05-06T15:58:33.594Z"},"__v":0},{"_id":{"$oid":"6810db41ab6358f323d2d563"},"name":"Short film - 75mn","originalPrice":400,"originalPriceAddons":{"vat":{"percentage":0,"amount":0}},"listedPrice":400,"company":{"$oid":"67e90230ee70744e6074b79e"},"createdAt":{"$date":"2025-04-29T13:59:29.079Z"},"updatedAt":{"$date":"2025-04-29T14:00:06.25Z"},"__v":0,"deletedAt":{"$date":"2025-04-29T14:00:06.249Z"}}]
