[{"_id":{"$oid":"67e95b232d630c280e73bef4"},"name":"Standard","company":{"$oid":"67e90230ee70744e6074b79e"},"createdAt":{"$date":"2025-03-30T14:54:27.932Z"},"updatedAt":{"$date":"2025-03-30T14:55:31.084Z"},"__v":0},{"_id":{"$oid":"67e95b6e2d630c280e73bf15"},"name":"CUS0002","company":{"$oid":"67e90230ee70744e6074b79e"},"createdAt":{"$date":"2025-03-30T14:55:42.163Z"},"updatedAt":{"$date":"2025-11-03T12:54:30.858Z"},"__v":0},{"_id":{"$oid":"67e95b772d630c280e73bf1e"},"name":"CUS0006","company":{"$oid":"67e90230ee70744e6074b79e"},"createdAt":{"$date":"2025-03-30T14:55:51.181Z"},"updatedAt":{"$date":"2025-03-30T14:55:51.181Z"},"__v":0}]
