[{"_id":{"$oid":"67e95d002d630c280e73bf77"},"name":"Video Editing Project","description":"This is a project for edit videos or online content","category":{"$oid":"67e95b232d630c280e73bef4"},"type":{"$oid":"67e95b102d630c280e73beeb"},"noVat":false,"originalPrice":0,"originalPriceAddons":{"vat":{"percentage":0,"amount":0}},"listedPrice":0,"company":{"$oid":"67e90230ee70744e6074b79e"},"options":[{"$oid":"67e95c152d630c280e73bf41"}],"configuredOptionGroups":[],"companyIssuedId":"C01","companyIdToCompanyIssuedId":"67e90230ee70744e6074b79e:C01","createdAt":{"$date":"2025-03-30T15:02:24.196Z"},"updatedAt":{"$date":"2025-05-06T16:01:31.798Z"},"__v":0},{"_id":{"$oid":"681a2c9744e206f0cae2ea0e"},"name":"Film Crew","description":"","category":{"$oid":"67e95b6e2d630c280e73bf15"},"type":{"$oid":"67e95b102d630c280e73beeb"},"noVat":false,"originalPrice":0,"originalPriceAddons":{"vat":{"percentage":0,"amount":0}},"listedPrice":0,"company":{"$oid":"67e90230ee70744e6074b79e"},"options":[{"$oid":"67e95c152d630c280e73bf41"}],"configuredOptionGroups":[],"companyIssuedId":"C012","companyIdToCompanyIssuedId":"67e90230ee70744e6074b79e:C012","createdAt":{"$date":"2025-05-06T15:36:55.962Z"},"updatedAt":{"$date":"2025-06-09T14:36:45.805Z"},"__v":0},{"_id":{"$oid":"686294108716fcde1ef90354"},"name":"Full Skitz","description":"Full skitz shoots and editing","category":{"$oid":"67e95b772d630c280e73bf1e"},"type":{"$oid":"67e95b102d630c280e73beeb"},"noVat":false,"originalPrice":10000,"originalPriceAddons":{"vat":{"percentage":0,"amount":0}},"listedPrice":10000,"company":{"$oid":"67e90230ee70744e6074b79e"},"options":[],"configuredOptionGroups":[],"companyIssuedId":"","createdAt":{"$date":"2025-06-30T13:41:36.986Z"},"updatedAt":{"$date":"2025-06-30T13:41:36.986Z"},"__v":0},{"_id":{"$oid":"690ad77a67323f45c9c4cb09"},"name":"Film UV","description":"Filming Expensive","category":{"$oid":"67e95b6e2d630c280e73bf15"},"type":{"$oid":"67e95b102d630c280e73beeb"},"noVat":false,"originalPrice":2000,"originalPriceAddons":{"vat":{"percentage":0,"amount":0}},"listedPrice":2000,"company":{"$oid":"67e90230ee70744e6074b79e"},"options":[],"configuredOptionGroups":[],"companyIssuedId":"","createdAt":{"$date":"2025-11-05T04:50:02.099Z"},"updatedAt":{"$date":"2025-11-05T04:50:02.099Z"},"__v":0}]
